ID,study,numberYawns,age,gender,trial,condition,presentation,type,demonstrator,familiar,live,secs
P1,JM et al,1,5,M,2,Yawning,V+A,Pet,Human,Unfamiliar,Live,300
P2,JM et al,5,8,M,2,Yawning,V+A,Pet,Human,Unfamiliar,Live,300
P3,JM et al,1,7,M,1,Yawning,V+A,Pet,Human,Unfamiliar,Live,300
P4,JM et al,1,4,F,2,Yawning,V+A,Pet,Human,Unfamiliar,Live,300
P5,JM et al,2,5,F,1,Yawning,V+A,Pet,Human,Unfamiliar,Live,300
P6,JM et al,0,15,M,2,Yawning,V+A,Pet,Human,Unfamiliar,Live,300
P7,JM et al,0,7,F,2,Yawning,V+A,Pet,Human,Unfamiliar,Live,300
P8,JM et al,1,15,M,2,Yawning,V+A,Pet,Human,Unfamiliar,Live,300
P9,JM et al,2,8,M,1,Yawning,V+A,Pet,Human,Unfamiliar,Live,300
P10,JM et al,1,5,M,2,Yawning,V+A,Pet,Human,Unfamiliar,Live,300
P11,JM et al,1,9,F,2,Yawning,V+A,Pet,Human,Unfamiliar,Live,300
P12,JM et al,1,8,M,1,Yawning,V+A,Pet,Human,Unfamiliar,Live,300
P13,JM et al,0,5,F,1,Yawning,V+A,Pet,Human,Unfamiliar,Live,300
P14,JM et al,4,9,F,1,Yawning,V+A,Pet,Human,Unfamiliar,Live,300
P15,JM et al,0,7,F,2,Yawning,V+A,Pet,Human,Unfamiliar,Live,300
P16,JM et al,2,7,F,1,Yawning,V+A,Pet,Human,Unfamiliar,Live,300
P17,JM et al,1,3,M,2,Yawning,V+A,Pet,Human,Unfamiliar,Live,300
P18,JM et al,0,12,F,1,Yawning,V+A,Pet,Human,Unfamiliar,Live,300
P19,JM et al,3,4,M,2,Yawning,V+A,Pet,Human,Unfamiliar,Live,300
P20,JM et al,1,6,M,2,Yawning,V+A,Pet,Human,Unfamiliar,Live,300
P21,JM et al,2,11,F,1,Yawning,V+A,Pet,Human,Unfamiliar,Live,300
P22,JM et al,0,3,M,2,Yawning,V+A,Pet,Human,Unfamiliar,Live,300
P23,JM et al,4,15,F,2,Yawning,V+A,Pet,Human,Unfamiliar,Live,300
P24,JM et al,3,7,M,1,Yawning,V+A,Pet,Human,Unfamiliar,Live,300
P25,JM et al,1,4,M,2,Yawning,V+A,Pet,Human,Unfamiliar,Live,300
P26,JM et al,0,12,M,2,Yawning,V+A,Pet,Human,Unfamiliar,Live,300
P27,JM et al,2,6,M,2,Yawning,V+A,Pet,Human,Unfamiliar,Live,300
P28,JM et al,1,3,M,1,Yawning,V+A,Pet,Human,Unfamiliar,Live,300
P29,JM et al,0,2,F,2,Yawning,V+A,Pet,Human,Unfamiliar,Live,300
P1,JM et al,0,5,M,1,Control,V+A,Pet,Human,Unfamiliar,Live,300
P2,JM et al,0,8,M,1,Control,V+A,Pet,Human,Unfamiliar,Live,300
P3,JM et al,0,7,M,2,Control,V+A,Pet,Human,Unfamiliar,Live,300
P4,JM et al,0,4,F,1,Control,V+A,Pet,Human,Unfamiliar,Live,300
P5,JM et al,0,5,F,2,Control,V+A,Pet,Human,Unfamiliar,Live,300
P6,JM et al,0,15,M,1,Control,V+A,Pet,Human,Unfamiliar,Live,300
P7,JM et al,0,7,F,1,Control,V+A,Pet,Human,Unfamiliar,Live,300
P8,JM et al,0,15,M,1,Control,V+A,Pet,Human,Unfamiliar,Live,300
P9,JM et al,0,8,M,2,Control,V+A,Pet,Human,Unfamiliar,Live,300
P10,JM et al,0,5,M,1,Control,V+A,Pet,Human,Unfamiliar,Live,300
P11,JM et al,0,9,F,1,Control,V+A,Pet,Human,Unfamiliar,Live,300
P12,JM et al,0,8,M,2,Control,V+A,Pet,Human,Unfamiliar,Live,300
P13,JM et al,0,5,F,2,Control,V+A,Pet,Human,Unfamiliar,Live,300
P14,JM et al,0,9,F,2,Control,V+A,Pet,Human,Unfamiliar,Live,300
P15,JM et al,0,7,F,1,Control,V+A,Pet,Human,Unfamiliar,Live,300
P16,JM et al,0,7,F,2,Control,V+A,Pet,Human,Unfamiliar,Live,300
P17,JM et al,0,3,M,1,Control,V+A,Pet,Human,Unfamiliar,Live,300
P18,JM et al,0,12,F,2,Control,V+A,Pet,Human,Unfamiliar,Live,300
P19,JM et al,0,4,M,1,Control,V+A,Pet,Human,Unfamiliar,Live,300
P20,JM et al,0,6,M,1,Control,V+A,Pet,Human,Unfamiliar,Live,300
P21,JM et al,0,11,F,2,Control,V+A,Pet,Human,Unfamiliar,Live,300
P22,JM et al,0,3,M,1,Control,V+A,Pet,Human,Unfamiliar,Live,300
P23,JM et al,0,15,F,1,Control,V+A,Pet,Human,Unfamiliar,Live,300
P24,JM et al,0,7,M,2,Control,V+A,Pet,Human,Unfamiliar,Live,300
P25,JM et al,0,4,M,1,Control,V+A,Pet,Human,Unfamiliar,Live,300
P26,JM et al,0,12,M,1,Control,V+A,Pet,Human,Unfamiliar,Live,300
P27,JM et al,0,6,M,1,Control,V+A,Pet,Human,Unfamiliar,Live,300
P28,JM et al,0,3,M,2,Control,V+A,Pet,Human,Unfamiliar,Live,300
P29,JM et al,0,2,F,1,Control,V+A,Pet,Human,Unfamiliar,Live,300
P30,ROM et al,2,5,F,,Yawning,V+A,Pet,Human,Familiar,Live,300
P31,ROM et al,1,6.166666667,M,,Yawning,V+A,Pet,Human,Familiar,Live,300
P32,ROM et al,0,6.666666667,M,,Yawning,V+A,Pet,Human,Familiar,Live,300
P33,ROM et al,0,1.916666667,M,,Yawning,V+A,Pet,Human,Familiar,Live,300
P34,ROM et al,0,4.75,M,,Yawning,V+A,Pet,Human,Familiar,Live,300
P35,ROM et al,1,9.25,M,,Yawning,V+A,Pet,Human,Familiar,Live,300
P36,ROM et al,0,1.25,M,,Yawning,V+A,Pet,Human,Familiar,Live,300
P37,ROM et al,0,9.666666667,M,,Yawning,V+A,Pet,Human,Familiar,Live,300
P38,ROM et al,0,8.5,M,,Yawning,V+A,Pet,Human,Familiar,Live,300
P39,ROM et al,0,8.583333333,F,,Yawning,V+A,Pet,Human,Familiar,Live,300
P40,ROM et al,0,3.166666667,M,,Yawning,V+A,Pet,Human,Familiar,Live,300
P41,ROM et al,0,8.75,F,,Yawning,V+A,Pet,Human,Familiar,Live,300
P42,ROM et al,0,9.333333333,F,,Yawning,V+A,Pet,Human,Familiar,Live,300
P43,ROM et al,0,8.333333333,F,,Yawning,V+A,Pet,Human,Familiar,Live,300
P44,ROM et al,0,3.333333333,F,,Yawning,V+A,Pet,Human,Familiar,Live,300
P45,ROM et al,0,10.33333333,F,,Yawning,V+A,Pet,Human,Familiar,Live,300
P46,ROM et al,0,4,F,,Yawning,V+A,Pet,Human,Familiar,Live,300
P47,ROM et al,4,4.416666667,F,,Yawning,V+A,Pet,Human,Familiar,Live,300
P48,ROM et al,1,4.5,M,,Yawning,V+A,Pet,Human,Familiar,Live,300
P49,ROM et al,2,6.916666667,F,,Yawning,V+A,Pet,Human,Familiar,Live,300
P50,ROM et al,3,4.166666667,M,,Yawning,V+A,Pet,Human,Familiar,Live,300
P51,ROM et al,0,6.166666667,F,,Yawning,V+A,Pet,Human,Familiar,Live,300
P52,ROM et al,2,11,F,,Yawning,V+A,Pet,Human,Familiar,Live,300
P53,ROM et al,2,2.166666667,F,,Yawning,V+A,Pet,Human,Familiar,Live,300
P54,ROM et al,0,1.416666667,M,,Yawning,V+A,Pet,Human,Familiar,Live,300
P30,ROM et al,0,5,F,,Yawning,V+A,Pet,Human,Unfamiliar,Live,300
P31,ROM et al,1,6.166666667,M,,Yawning,V+A,Pet,Human,Unfamiliar,Live,300
P32,ROM et al,0,6.666666667,M,,Yawning,V+A,Pet,Human,Unfamiliar,Live,300
P33,ROM et al,0,1.916666667,M,,Yawning,V+A,Pet,Human,Unfamiliar,Live,300
P34,ROM et al,1,4.75,M,,Yawning,V+A,Pet,Human,Unfamiliar,Live,300
P35,ROM et al,0,9.25,M,,Yawning,V+A,Pet,Human,Unfamiliar,Live,300
P36,ROM et al,0,1.25,M,,Yawning,V+A,Pet,Human,Unfamiliar,Live,300
P37,ROM et al,0,9.666666667,M,,Yawning,V+A,Pet,Human,Unfamiliar,Live,300
P38,ROM et al,0,8.5,M,,Yawning,V+A,Pet,Human,Unfamiliar,Live,300
P39,ROM et al,0,8.583333333,F,,Yawning,V+A,Pet,Human,Unfamiliar,Live,300
P40,ROM et al,0,3.166666667,M,,Yawning,V+A,Pet,Human,Unfamiliar,Live,300
P41,ROM et al,0,8.75,F,,Yawning,V+A,Pet,Human,Unfamiliar,Live,300
P42,ROM et al,0,9.333333333,F,,Yawning,V+A,Pet,Human,Unfamiliar,Live,300
P43,ROM et al,0,8.333333333,F,,Yawning,V+A,Pet,Human,Unfamiliar,Live,300
P44,ROM et al,0,3.333333333,F,,Yawning,V+A,Pet,Human,Unfamiliar,Live,300
P45,ROM et al,0,10.33333333,F,,Yawning,V+A,Pet,Human,Unfamiliar,Live,300
P46,ROM et al,0,4,F,,Yawning,V+A,Pet,Human,Unfamiliar,Live,300
P47,ROM et al,2,4.416666667,F,,Yawning,V+A,Pet,Human,Unfamiliar,Live,300
P48,ROM et al,0,4.5,M,,Yawning,V+A,Pet,Human,Unfamiliar,Live,300
P49,ROM et al,0,6.916666667,F,,Yawning,V+A,Pet,Human,Unfamiliar,Live,300
P50,ROM et al,2,4.166666667,M,,Yawning,V+A,Pet,Human,Unfamiliar,Live,300
P51,ROM et al,1,6.166666667,F,,Yawning,V+A,Pet,Human,Unfamiliar,Live,300
P52,ROM et al,0,11,F,,Yawning,V+A,Pet,Human,Unfamiliar,Live,300
P53,ROM et al,0,2.166666667,F,,Yawning,V+A,Pet,Human,Unfamiliar,Live,300
P54,ROM et al,0,1.416666667,M,,Control,V+A,Pet,Human,Unfamiliar,Live,300
P30,ROM et al,0,5,F,,Control,V+A,Pet,Human,Familiar,Live,300
P31,ROM et al,0,6.166666667,M,,Control,V+A,Pet,Human,Familiar,Live,300
P32,ROM et al,0,6.666666667,M,,Control,V+A,Pet,Human,Familiar,Live,300
P33,ROM et al,0,1.916666667,M,,Control,V+A,Pet,Human,Familiar,Live,300
P34,ROM et al,0,4.75,M,,Control,V+A,Pet,Human,Familiar,Live,300
P35,ROM et al,0,9.25,M,,Control,V+A,Pet,Human,Familiar,Live,300
P36,ROM et al,0,1.25,M,,Control,V+A,Pet,Human,Familiar,Live,300
P37,ROM et al,0,9.666666667,M,,Control,V+A,Pet,Human,Familiar,Live,300
P38,ROM et al,0,8.5,M,,Control,V+A,Pet,Human,Familiar,Live,300
P39,ROM et al,0,8.583333333,F,,Control,V+A,Pet,Human,Familiar,Live,300
P40,ROM et al,0,3.166666667,M,,Control,V+A,Pet,Human,Familiar,Live,300
P41,ROM et al,0,8.75,F,,Control,V+A,Pet,Human,Familiar,Live,300
P42,ROM et al,0,9.333333333,F,,Control,V+A,Pet,Human,Familiar,Live,300
P43,ROM et al,0,8.333333333,F,,Control,V+A,Pet,Human,Familiar,Live,300
P44,ROM et al,0,3.333333333,F,,Control,V+A,Pet,Human,Familiar,Live,300
P45,ROM et al,0,10.33333333,F,,Control,V+A,Pet,Human,Familiar,Live,300
P46,ROM et al,0,4,F,,Control,V+A,Pet,Human,Familiar,Live,300
P47,ROM et al,0,4.416666667,F,,Control,V+A,Pet,Human,Familiar,Live,300
P48,ROM et al,0,4.5,M,,Control,V+A,Pet,Human,Familiar,Live,300
P49,ROM et al,0,6.916666667,F,,Control,V+A,Pet,Human,Familiar,Live,300
P50,ROM et al,0,4.166666667,M,,Control,V+A,Pet,Human,Familiar,Live,300
P51,ROM et al,0,6.166666667,F,,Control,V+A,Pet,Human,Familiar,Live,300
P52,ROM et al,0,11,F,,Control,V+A,Pet,Human,Familiar,Live,300
P53,ROM et al,0,2.166666667,F,,Control,V+A,Pet,Human,Familiar,Live,300
P54,ROM et al,0,1.416666667,M,,Control,V+A,Pet,Human,Familiar,Live,300
P30,ROM et al,0,5,F,,Control,V+A,Pet,Human,Unfamiliar,Live,300
P31,ROM et al,0,6.166666667,M,,Control,V+A,Pet,Human,Unfamiliar,Live,300
P32,ROM et al,1,6.666666667,M,,Control,V+A,Pet,Human,Unfamiliar,Live,300
P33,ROM et al,0,1.916666667,M,,Control,V+A,Pet,Human,Unfamiliar,Live,300
P34,ROM et al,1,4.75,M,,Control,V+A,Pet,Human,Unfamiliar,Live,300
P35,ROM et al,0,9.25,M,,Control,V+A,Pet,Human,Unfamiliar,Live,300
P36,ROM et al,0,1.25,M,,Control,V+A,Pet,Human,Unfamiliar,Live,300
P37,ROM et al,0,9.666666667,M,,Control,V+A,Pet,Human,Unfamiliar,Live,300
P38,ROM et al,0,8.5,M,,Control,V+A,Pet,Human,Unfamiliar,Live,300
P39,ROM et al,1,8.583333333,F,,Control,V+A,Pet,Human,Unfamiliar,Live,300
P40,ROM et al,0,3.166666667,M,,Control,V+A,Pet,Human,Unfamiliar,Live,300
P41,ROM et al,0,8.75,F,,Control,V+A,Pet,Human,Unfamiliar,Live,300
P42,ROM et al,0,9.333333333,F,,Control,V+A,Pet,Human,Unfamiliar,Live,300
P43,ROM et al,0,8.333333333,F,,Control,V+A,Pet,Human,Unfamiliar,Live,300
P44,ROM et al,0,3.333333333,F,,Control,V+A,Pet,Human,Unfamiliar,Live,300
P45,ROM et al,0,10.33333333,F,,Control,V+A,Pet,Human,Unfamiliar,Live,300
P46,ROM et al,0,4,F,,Control,V+A,Pet,Human,Unfamiliar,Live,300
P47,ROM et al,0,4.416666667,F,,Control,V+A,Pet,Human,Unfamiliar,Live,300
P48,ROM et al,1,4.5,M,,Control,V+A,Pet,Human,Unfamiliar,Live,300
P49,ROM et al,0,6.916666667,F,,Control,V+A,Pet,Human,Unfamiliar,Live,300
P50,ROM et al,0,4.166666667,M,,Control,V+A,Pet,Human,Unfamiliar,Live,300
P51,ROM et al,1,6.166666667,F,,Control,V+A,Pet,Human,Unfamiliar,Live,300
P52,ROM et al,0,11,F,,Control,V+A,Pet,Human,Unfamiliar,Live,300
P53,ROM et al,0,2.166666667,F,,Control,V+A,Pet,Human,Unfamiliar,Live,300
P54,ROM et al,0,1.416666667,M,,Control,V+A,Pet,Human,Unfamiliar,Live,300
P55,SIL et al,0,9,F,,Yawning,A,Pet,Human,Familiar,Recording,50
P56,SIL et al,0,10,F,,Yawning,A,Pet,Human,Familiar,Recording,50
P57,SIL et al,1,1,M,,Yawning,A,Pet,Human,Familiar,Recording,50
P58,SIL et al,2,2,M,,Yawning,A,Pet,Human,Familiar,Recording,50
P59,SIL et al,0,6,F,,Yawning,A,Pet,Human,Familiar,Recording,50
P60,SIL et al,1,2,F,,Yawning,A,Pet,Human,Familiar,Recording,50
P61,SIL et al,2,1,F,,Yawning,A,Pet,Human,Familiar,Recording,50
P62,SIL et al,0,3,F,,Yawning,A,Pet,Human,Familiar,Recording,50
P63,SIL et al,1,10,F,,Yawning,A,Pet,Human,Familiar,Recording,50
P64,SIL et al,1,4,M,,Yawning,A,Pet,Human,Familiar,Recording,50
P65,SIL et al,0,8,F,,Yawning,A,Pet,Human,Familiar,Recording,50
P66,SIL et al,0,5,M,,Yawning,A,Pet,Human,Familiar,Recording,50
P67,SIL et al,0,2,M,,Yawning,A,Pet,Human,Familiar,Recording,50
P68,SIL et al,0,3,F,,Yawning,A,Pet,Human,Familiar,Recording,50
P69,SIL et al,0,10,F,,Yawning,A,Pet,Human,Familiar,Recording,50
P70,SIL et al,0,4,F,,Yawning,A,Pet,Human,Familiar,Recording,50
P71,SIL et al,0,6,F,,Yawning,A,Pet,Human,Familiar,Recording,50
P72,SIL et al,0,6,M,,Yawning,A,Pet,Human,Familiar,Recording,50
P73,SIL et al,0,8,F,,Yawning,A,Pet,Human,Familiar,Recording,50
P74,SIL et al,1,8,M,,Yawning,A,Pet,Human,Familiar,Recording,50
P75,SIL et al,2,3,F,,Yawning,A,Pet,Human,Familiar,Recording,50
P76,SIL et al,0,8,F,,Yawning,A,Pet,Human,Familiar,Recording,50
P77,SIL et al,1,6,F,,Yawning,A,Pet,Human,Familiar,Recording,50
P78,SIL et al,0,5,M,,Yawning,A,Pet,Human,Familiar,Recording,50
P79,SIL et al,0,6,F,,Yawning,A,Pet,Human,Familiar,Recording,50
P80,SIL et al,0,5,F,,Yawning,A,Pet,Human,Familiar,Recording,50
P81,SIL et al,0,8,F,,Yawning,A,Pet,Human,Familiar,Recording,50
P82,SIL et al,0,4,F,,Yawning,A,Pet,Human,Familiar,Recording,50
P83,SIL et al,1,8,F,,Yawning,A,Pet,Human,Familiar,Recording,50
P55,SIL et al,0,9,F,,Yawning,A,Pet,Human,Unfamiliar,Recording,50
P56,SIL et al,0,10,F,,Yawning,A,Pet,Human,Unfamiliar,Recording,50
P57,SIL et al,0,1,M,,Yawning,A,Pet,Human,Unfamiliar,Recording,50
P58,SIL et al,1,2,M,,Yawning,A,Pet,Human,Unfamiliar,Recording,50
P59,SIL et al,0,6,F,,Yawning,A,Pet,Human,Unfamiliar,Recording,50
P60,SIL et al,0,2,F,,Yawning,A,Pet,Human,Unfamiliar,Recording,50
P61,SIL et al,0,1,F,,Yawning,A,Pet,Human,Unfamiliar,Recording,50
P62,SIL et al,0,3,F,,Yawning,A,Pet,Human,Unfamiliar,Recording,50
P63,SIL et al,1,10,F,,Yawning,A,Pet,Human,Unfamiliar,Recording,50
P64,SIL et al,0,4,M,,Yawning,A,Pet,Human,Unfamiliar,Recording,50
P65,SIL et al,0,8,F,,Yawning,A,Pet,Human,Unfamiliar,Recording,50
P66,SIL et al,0,5,M,,Yawning,A,Pet,Human,Unfamiliar,Recording,50
P67,SIL et al,0,2,M,,Yawning,A,Pet,Human,Unfamiliar,Recording,50
P68,SIL et al,1,3,F,,Yawning,A,Pet,Human,Unfamiliar,Recording,50
P69,SIL et al,0,10,F,,Yawning,A,Pet,Human,Unfamiliar,Recording,50
P70,SIL et al,0,4,F,,Yawning,A,Pet,Human,Unfamiliar,Recording,50
P71,SIL et al,0,6,F,,Yawning,A,Pet,Human,Unfamiliar,Recording,50
P72,SIL et al,0,6,M,,Yawning,A,Pet,Human,Unfamiliar,Recording,50
P73,SIL et al,0,8,F,,Yawning,A,Pet,Human,Unfamiliar,Recording,50
P74,SIL et al,0,8,M,,Yawning,A,Pet,Human,Unfamiliar,Recording,50
P75,SIL et al,0,3,F,,Yawning,A,Pet,Human,Unfamiliar,Recording,50
P76,SIL et al,0,8,F,,Yawning,A,Pet,Human,Unfamiliar,Recording,50
P77,SIL et al,0,6,F,,Yawning,A,Pet,Human,Unfamiliar,Recording,50
P78,SIL et al,0,5,M,,Yawning,A,Pet,Human,Unfamiliar,Recording,50
P79,SIL et al,0,6,F,,Yawning,A,Pet,Human,Unfamiliar,Recording,50
P80,SIL et al,0,5,F,,Yawning,A,Pet,Human,Unfamiliar,Recording,50
P81,SIL et al,0,8,F,,Yawning,A,Pet,Human,Unfamiliar,Recording,50
P82,SIL et al,0,4,F,,Yawning,A,Pet,Human,Unfamiliar,Recording,50
P83,SIL et al,0,8,F,,Yawning,A,Pet,Human,Unfamiliar,Recording,50
P55,SIL et al,0,9,F,,Control,A,Pet,Human,Unfamiliar,Recording,50
P56,SIL et al,0,10,F,,Control,A,Pet,Human,Unfamiliar,Recording,50
P57,SIL et al,0,1,M,,Control,A,Pet,Human,Unfamiliar,Recording,50
P58,SIL et al,1,2,M,,Control,A,Pet,Human,Unfamiliar,Recording,50
P59,SIL et al,0,6,F,,Control,A,Pet,Human,Unfamiliar,Recording,50
P60,SIL et al,0,2,F,,Control,A,Pet,Human,Unfamiliar,Recording,50
P61,SIL et al,0,1,F,,Control,A,Pet,Human,Unfamiliar,Recording,50
P62,SIL et al,0,3,F,,Control,A,Pet,Human,Unfamiliar,Recording,50
P63,SIL et al,0,10,F,,Control,A,Pet,Human,Unfamiliar,Recording,50
P64,SIL et al,0,4,M,,Control,A,Pet,Human,Unfamiliar,Recording,50
P65,SIL et al,0,8,F,,Control,A,Pet,Human,Unfamiliar,Recording,50
P66,SIL et al,0,5,M,,Control,A,Pet,Human,Unfamiliar,Recording,50
P67,SIL et al,0,2,M,,Control,A,Pet,Human,Unfamiliar,Recording,50
P68,SIL et al,0,3,F,,Control,A,Pet,Human,Unfamiliar,Recording,50
P69,SIL et al,0,10,F,,Control,A,Pet,Human,Unfamiliar,Recording,50
P70,SIL et al,0,4,F,,Control,A,Pet,Human,Unfamiliar,Recording,50
P71,SIL et al,0,6,F,,Control,A,Pet,Human,Unfamiliar,Recording,50
P72,SIL et al,0,6,M,,Control,A,Pet,Human,Unfamiliar,Recording,50
P73,SIL et al,0,8,F,,Control,A,Pet,Human,Unfamiliar,Recording,50
P74,SIL et al,1,8,M,,Control,A,Pet,Human,Unfamiliar,Recording,50
P75,SIL et al,0,3,F,,Control,A,Pet,Human,Unfamiliar,Recording,50
P76,SIL et al,0,8,F,,Control,A,Pet,Human,Unfamiliar,Recording,50
P77,SIL et al,0,6,F,,Control,A,Pet,Human,Unfamiliar,Recording,50
P78,SIL et al,0,5,M,,Control,A,Pet,Human,Unfamiliar,Recording,50
P79,SIL et al,0,6,F,,Control,A,Pet,Human,Unfamiliar,Recording,50
P80,SIL et al,0,5,F,,Control,A,Pet,Human,Unfamiliar,Recording,50
P81,SIL et al,0,8,F,,Control,A,Pet,Human,Unfamiliar,Recording,50
P82,SIL et al,0,4,F,,Control,A,Pet,Human,Unfamiliar,Recording,50
P83,SIL et al,0,8,F,,Control,A,Pet,Human,Unfamiliar,Recording,50
P55,SIL et al,0,9,F,,Control,A,Pet,Human,Familiar,Recording,50
P56,SIL et al,0,10,F,,Control,A,Pet,Human,Familiar,Recording,50
P57,SIL et al,0,1,M,,Control,A,Pet,Human,Familiar,Recording,50
P58,SIL et al,1,2,M,,Control,A,Pet,Human,Familiar,Recording,50
P59,SIL et al,0,6,F,,Control,A,Pet,Human,Familiar,Recording,50
P60,SIL et al,0,2,F,,Control,A,Pet,Human,Familiar,Recording,50
P61,SIL et al,0,1,F,,Control,A,Pet,Human,Familiar,Recording,50
P62,SIL et al,0,3,F,,Control,A,Pet,Human,Familiar,Recording,50
P63,SIL et al,0,10,F,,Control,A,Pet,Human,Familiar,Recording,50
P64,SIL et al,0,4,M,,Control,A,Pet,Human,Familiar,Recording,50
P65,SIL et al,1,8,F,,Control,A,Pet,Human,Familiar,Recording,50
P66,SIL et al,0,5,M,,Control,A,Pet,Human,Familiar,Recording,50
P67,SIL et al,0,2,M,,Control,A,Pet,Human,Familiar,Recording,50
P68,SIL et al,1,3,F,,Control,A,Pet,Human,Familiar,Recording,50
P69,SIL et al,0,10,F,,Control,A,Pet,Human,Familiar,Recording,50
P70,SIL et al,0,4,F,,Control,A,Pet,Human,Familiar,Recording,50
P71,SIL et al,0,6,F,,Control,A,Pet,Human,Familiar,Recording,50
P72,SIL et al,0,6,M,,Control,A,Pet,Human,Familiar,Recording,50
P73,SIL et al,0,8,F,,Control,A,Pet,Human,Familiar,Recording,50
P74,SIL et al,1,8,M,,Control,A,Pet,Human,Familiar,Recording,50
P75,SIL et al,0,3,F,,Control,A,Pet,Human,Familiar,Recording,50
P76,SIL et al,0,8,F,,Control,A,Pet,Human,Familiar,Recording,50
P77,SIL et al,0,6,F,,Control,A,Pet,Human,Familiar,Recording,50
P78,SIL et al,0,5,M,,Control,A,Pet,Human,Familiar,Recording,50
P79,SIL et al,0,6,F,,Control,A,Pet,Human,Familiar,Recording,50
P80,SIL et al,0,5,F,,Control,A,Pet,Human,Familiar,Recording,50
P81,SIL et al,0,8,F,,Control,A,Pet,Human,Familiar,Recording,50
P82,SIL et al,0,4,F,,Control,A,Pet,Human,Familiar,Recording,50
P83,SIL et al,0,8,F,,Control,A,Pet,Human,Familiar,Recording,50
P84,OHA et al,0,3,M,,Yawning,V+A,Pet,Human,Familiar,Live,180
P85,OHA et al,0,3,F,,Yawning,V+A,Pet,Human,Familiar,Live,180
P86,OHA et al,0,11,F,,Yawning,V+A,Pet,Human,Familiar,Live,180
P87,OHA et al,0,10,M,,Yawning,V+A,Pet,Human,Familiar,Live,180
P88,OHA et al,0,7,M,,Yawning,V+A,Pet,Human,Familiar,Live,180
P89,OHA et al,1,1,F,,Yawning,V+A,Pet,Human,Familiar,Live,180
P90,OHA et al,0,7,M,,Yawning,V+A,Pet,Human,Familiar,Live,180
P91,OHA et al,0,6,M,,Yawning,V+A,Pet,Human,Familiar,Live,180
P92,OHA et al,1,4,F,,Yawning,V+A,Pet,Human,Familiar,Live,180
P93,OHA et al,0,10,F,,Yawning,V+A,Pet,Human,Familiar,Live,180
P94,OHA et al,0,1,M,,Yawning,V+A,Pet,Human,Familiar,Live,180
P95,OHA et al,0,9,M,,Yawning,V+A,Pet,Human,Familiar,Live,180
P96,OHA et al,0,10,F,,Yawning,V+A,Shelter,Human,Familiar,Live,180
P97,OHA et al,0,7,F,,Yawning,V+A,Shelter,Human,Familiar,Live,180
P98,OHA et al,0,8,M,,Yawning,V+A,Shelter,Human,Familiar,Live,180
P99,OHA et al,0,6,F,,Yawning,V+A,Shelter,Human,Familiar,Live,180
P100,OHA et al,2,2,M,,Yawning,V+A,Shelter,Human,Familiar,Live,180
P101,OHA et al,0,1,F,,Yawning,V+A,Shelter,Human,Familiar,Live,180
P102,OHA et al,0,2,M,,Yawning,V+A,Shelter,Human,Familiar,Live,180
P84,OHA et al,0,3,M,,Control,V+A,Pet,Human,Familiar,Live,180
P85,OHA et al,0,3,F,,Control,V+A,Pet,Human,Familiar,Live,180
P86,OHA et al,0,11,F,,Control,V+A,Pet,Human,Familiar,Live,180
P87,OHA et al,0,10,M,,Control,V+A,Pet,Human,Familiar,Live,180
P88,OHA et al,0,7,M,,Control,V+A,Pet,Human,Familiar,Live,180
P89,OHA et al,0,1,F,,Control,V+A,Pet,Human,Familiar,Live,180
P90,OHA et al,0,7,M,,Control,V+A,Pet,Human,Familiar,Live,180
P91,OHA et al,0,6,M,,Control,V+A,Pet,Human,Familiar,Live,180
P92,OHA et al,1,4,F,,Control,V+A,Pet,Human,Familiar,Live,180
P93,OHA et al,1,10,F,,Control,V+A,Pet,Human,Familiar,Live,180
P94,OHA et al,0,1,M,,Control,V+A,Pet,Human,Familiar,Live,180
P95,OHA et al,0,9,M,,Control,V+A,Pet,Human,Familiar,Live,180
P96,OHA et al,0,10,F,,Control,V+A,Shelter,Human,Familiar,Live,180
P97,OHA et al,0,7,F,,Control,V+A,Shelter,Human,Familiar,Live,180
P98,OHA et al,0,8,M,,Control,V+A,Shelter,Human,Familiar,Live,180
P99,OHA et al,0,6,F,,Control,V+A,Shelter,Human,Familiar,Live,180
P100,OHA et al,0,2,M,,Control,V+A,Shelter,Human,Familiar,Live,180
P101,OHA et al,0,1,F,,Control,V+A,Shelter,Human,Familiar,Live,180
P102,OHA et al,0,2,M,,Control,V+A,Shelter,Human,Familiar,Live,180
P84,OHA et al,0,3,M,,Yawning,A,Pet,Human,Unfamiliar,Recording,180
P85,OHA et al,1,3,F,,Yawning,A,Pet,Human,Unfamiliar,Recording,180
P86,OHA et al,2,11,F,,Yawning,A,Pet,Human,Unfamiliar,Recording,180
P87,OHA et al,0,10,M,,Yawning,A,Pet,Human,Unfamiliar,Recording,180
P88,OHA et al,0,7,M,,Yawning,A,Pet,Human,Unfamiliar,Recording,180
P89,OHA et al,4,1,F,,Yawning,A,Pet,Human,Unfamiliar,Recording,180
P90,OHA et al,3,7,M,,Yawning,A,Pet,Human,Unfamiliar,Recording,180
P91,OHA et al,0,6,M,,Yawning,A,Pet,Human,Unfamiliar,Recording,180
P92,OHA et al,0,4,F,,Yawning,A,Pet,Human,Unfamiliar,Recording,180
P93,OHA et al,0,10,F,,Yawning,A,Pet,Human,Unfamiliar,Recording,180
P94,OHA et al,0,1,M,,Yawning,A,Pet,Human,Unfamiliar,Recording,180
P95,OHA et al,0,9,M,,Yawning,A,Pet,Human,Unfamiliar,Recording,180
P96,OHA et al,0,10,F,,Yawning,A,Shelter,Human,Unfamiliar,Recording,180
P97,OHA et al,0,7,F,,Yawning,A,Shelter,Human,Unfamiliar,Recording,180
P98,OHA et al,0,8,M,,Yawning,A,Shelter,Human,Unfamiliar,Recording,180
P99,OHA et al,0,6,F,,Yawning,A,Shelter,Human,Unfamiliar,Recording,180
P100,OHA et al,0,2,M,,Yawning,A,Shelter,Human,Unfamiliar,Recording,180
P101,OHA et al,0,1,F,,Yawning,A,Shelter,Human,Unfamiliar,Recording,180
P102,OHA et al,0,2,M,,Yawning,A,Shelter,Human,Unfamiliar,Recording,180
P84,OHA et al,0,3,M,,Yawning,V+A,Pet,Dog,Unfamiliar,Recording,180
P85,OHA et al,0,3,F,,Yawning,V+A,Pet,Dog,Unfamiliar,Recording,180
P86,OHA et al,0,11,F,,Yawning,V+A,Pet,Dog,Unfamiliar,Recording,180
P87,OHA et al,0,10,M,,Yawning,V+A,Pet,Dog,Unfamiliar,Recording,180
P88,OHA et al,0,7,M,,Yawning,V+A,Pet,Dog,Unfamiliar,Recording,180
P89,OHA et al,0,1,F,,Yawning,V+A,Pet,Dog,Unfamiliar,Recording,180
P90,OHA et al,0,7,M,,Yawning,V+A,Pet,Dog,Unfamiliar,Recording,180
P91,OHA et al,0,6,M,,Yawning,V+A,Pet,Dog,Unfamiliar,Recording,180
P92,OHA et al,1,4,F,,Yawning,V+A,Pet,Dog,Unfamiliar,Recording,180
P93,OHA et al,0,10,F,,Yawning,V+A,Pet,Dog,Unfamiliar,Recording,180
P94,OHA et al,1,1,M,,Yawning,V+A,Pet,Dog,Unfamiliar,Recording,180
P95,OHA et al,0,9,M,,Yawning,V+A,Pet,Dog,Unfamiliar,Recording,180
P96,OHA et al,0,10,F,,Yawning,V+A,Shelter,Dog,Unfamiliar,Recording,180
P97,OHA et al,1,7,F,,Yawning,V+A,Shelter,Dog,Unfamiliar,Recording,180
P98,OHA et al,0,8,M,,Yawning,V+A,Shelter,Dog,Unfamiliar,Recording,180
P99,OHA et al,0,6,F,,Yawning,V+A,Shelter,Dog,Unfamiliar,Recording,180
P100,OHA et al,0,2,M,,Yawning,V+A,Shelter,Dog,Unfamiliar,Recording,180
P101,OHA et al,0,1,F,,Yawning,V+A,Shelter,Dog,Unfamiliar,Recording,180
P102,OHA et al,0,2,M,,Yawning,V+A,Shelter,Dog,Unfamiliar,Recording,180
P84,OHA et al,3,3,M,,Yawning,V+A,Pet,Human,Unfamiliar,Live,180
P85,OHA et al,0,3,F,,Yawning,V+A,Pet,Human,Unfamiliar,Live,180
P86,OHA et al,0,11,F,,Yawning,V+A,Pet,Human,Unfamiliar,Live,180
P87,OHA et al,0,10,M,,Yawning,V+A,Pet,Human,Unfamiliar,Live,180
P88,OHA et al,0,7,M,,Yawning,V+A,Pet,Human,Unfamiliar,Live,180
P89,OHA et al,0,1,F,,Yawning,V+A,Pet,Human,Unfamiliar,Live,180
P90,OHA et al,0,7,M,,Yawning,V+A,Pet,Human,Unfamiliar,Live,180
P91,OHA et al,0,6,M,,Yawning,V+A,Pet,Human,Unfamiliar,Live,180
P92,OHA et al,0,4,F,,Yawning,V+A,Pet,Human,Unfamiliar,Live,180
P93,OHA et al,0,10,F,,Yawning,V+A,Pet,Human,Unfamiliar,Live,180
P94,OHA et al,0,1,M,,Yawning,V+A,Pet,Human,Unfamiliar,Live,180
P95,OHA et al,0,9,M,,Yawning,V+A,Pet,Human,Unfamiliar,Live,180
P96,OHA et al,0,10,F,,Yawning,V+A,Shelter,Human,Unfamiliar,Live,180
P97,OHA et al,0,7,F,,Yawning,V+A,Shelter,Human,Unfamiliar,Live,180
P98,OHA et al,1,8,M,,Yawning,V+A,Shelter,Human,Unfamiliar,Live,180
P99,OHA et al,1,6,F,,Yawning,V+A,Shelter,Human,Unfamiliar,Live,180
P100,OHA et al,4,2,M,,Yawning,V+A,Shelter,Human,Unfamiliar,Live,180
P101,OHA et al,2,1,F,,Yawning,V+A,Shelter,Human,Unfamiliar,Live,180
P102,OHA et al,0,2,M,,Yawning,V+A,Shelter,Human,Unfamiliar,Live,180
P84,OHA et al,1,3,M,,Control,V+A,Pet,Human,Unfamiliar,Live,180
P85,OHA et al,1,3,F,,Control,V+A,Pet,Human,Unfamiliar,Live,180
P86,OHA et al,0,11,F,,Control,V+A,Pet,Human,Unfamiliar,Live,180
P87,OHA et al,0,10,M,,Control,V+A,Pet,Human,Unfamiliar,Live,180
P88,OHA et al,0,7,M,,Control,V+A,Pet,Human,Unfamiliar,Live,180
P89,OHA et al,0,1,F,,Control,V+A,Pet,Human,Unfamiliar,Live,180
P90,OHA et al,0,7,M,,Control,V+A,Pet,Human,Unfamiliar,Live,180
P91,OHA et al,1,6,M,,Control,V+A,Pet,Human,Unfamiliar,Live,180
P92,OHA et al,0,4,F,,Control,V+A,Pet,Human,Unfamiliar,Live,180
P93,OHA et al,0,10,F,,Control,V+A,Pet,Human,Unfamiliar,Live,180
P94,OHA et al,0,1,M,,Control,V+A,Pet,Human,Unfamiliar,Live,180
P95,OHA et al,0,9,M,,Control,V+A,Pet,Human,Unfamiliar,Live,180
P96,OHA et al,0,10,F,,Control,V+A,Shelter,Human,Unfamiliar,Live,180
P97,OHA et al,0,7,F,,Control,V+A,Shelter,Human,Unfamiliar,Live,180
P98,OHA et al,0,8,M,,Control,V+A,Shelter,Human,Unfamiliar,Live,180
P99,OHA et al,0,6,F,,Control,V+A,Shelter,Human,Unfamiliar,Live,180
P100,OHA et al,1,2,M,,Control,V+A,Shelter,Human,Unfamiliar,Live,180
P101,OHA et al,0,1,F,,Control,V+A,Shelter,Human,Unfamiliar,Live,180
P102,OHA et al,0,2,M,,Control,V+A,Shelter,Human,Unfamiliar,Live,180
P84,OHA et al,2,3,M,,Yawning,A,Pet,Human,Unfamiliar,Recording,180
P85,OHA et al,0,3,F,,Yawning,A,Pet,Human,Unfamiliar,Recording,180
P86,OHA et al,0,11,F,,Yawning,A,Pet,Human,Unfamiliar,Recording,180
P87,OHA et al,1,10,M,,Yawning,A,Pet,Human,Unfamiliar,Recording,180
P88,OHA et al,2,7,M,,Yawning,A,Pet,Human,Unfamiliar,Recording,180
P89,OHA et al,0,1,F,,Yawning,A,Pet,Human,Unfamiliar,Recording,180
P90,OHA et al,0,7,M,,Yawning,A,Pet,Human,Unfamiliar,Recording,180
P91,OHA et al,0,6,M,,Yawning,A,Pet,Human,Unfamiliar,Recording,180
P92,OHA et al,0,4,F,,Yawning,A,Pet,Human,Unfamiliar,Recording,180
P93,OHA et al,0,10,F,,Yawning,A,Pet,Human,Unfamiliar,Recording,180
P94,OHA et al,0,1,M,,Yawning,A,Pet,Human,Unfamiliar,Recording,180
P95,OHA et al,1,9,M,,Yawning,A,Pet,Human,Unfamiliar,Recording,180
P96,OHA et al,0,10,F,,Yawning,A,Shelter,Human,Unfamiliar,Recording,180
P97,OHA et al,0,7,F,,Yawning,A,Shelter,Human,Unfamiliar,Recording,180
P98,OHA et al,0,8,M,,Yawning,A,Shelter,Human,Unfamiliar,Recording,180
P99,OHA et al,0,6,F,,Yawning,A,Shelter,Human,Unfamiliar,Recording,180
P100,OHA et al,0,2,M,,Yawning,A,Shelter,Human,Unfamiliar,Recording,180
P101,OHA et al,0,1,F,,Yawning,A,Shelter,Human,Unfamiliar,Recording,180
P102,OHA et al,0,2,M,,Yawning,A,Shelter,Human,Unfamiliar,Recording,180
P84,OHA et al,0,3,M,,Yawning,V+A,Pet,Dog,Unfamiliar,Recording,180
P85,OHA et al,0,3,F,,Yawning,V+A,Pet,Dog,Unfamiliar,Recording,180
P86,OHA et al,1,11,F,,Yawning,V+A,Pet,Dog,Unfamiliar,Recording,180
P87,OHA et al,0,10,M,,Yawning,V+A,Pet,Dog,Unfamiliar,Recording,180
P88,OHA et al,0,7,M,,Yawning,V+A,Pet,Dog,Unfamiliar,Recording,180
P89,OHA et al,1,1,F,,Yawning,V+A,Pet,Dog,Unfamiliar,Recording,180
P90,OHA et al,0,7,M,,Yawning,V+A,Pet,Dog,Unfamiliar,Recording,180
P91,OHA et al,0,6,M,,Yawning,V+A,Pet,Dog,Unfamiliar,Recording,180
P92,OHA et al,0,4,F,,Yawning,V+A,Pet,Dog,Unfamiliar,Recording,180
P93,OHA et al,0,10,F,,Yawning,V+A,Pet,Dog,Unfamiliar,Recording,180
P94,OHA et al,2,1,M,,Yawning,V+A,Pet,Dog,Unfamiliar,Recording,180
P95,OHA et al,0,9,M,,Yawning,V+A,Pet,Dog,Unfamiliar,Recording,180
P96,OHA et al,0,10,F,,Yawning,V+A,Shelter,Dog,Unfamiliar,Recording,180
P97,OHA et al,0,7,F,,Yawning,V+A,Shelter,Dog,Unfamiliar,Recording,180
P98,OHA et al,0,8,M,,Yawning,V+A,Shelter,Dog,Unfamiliar,Recording,180
P99,OHA et al,0,6,F,,Yawning,V+A,Shelter,Dog,Unfamiliar,Recording,180
P100,OHA et al,1,2,M,,Yawning,V+A,Shelter,Dog,Unfamiliar,Recording,180
P101,OHA et al,4,1,F,,Yawning,V+A,Shelter,Dog,Unfamiliar,Recording,180
P102,OHA et al,0,2,M,,Yawning,V+A,Shelter,Dog,Unfamiliar,Recording,180
P103,MAD et al,0,0.333333333,M,1,Yawning,V+A,Pet,Human,Familiar,Live,600
P104,MAD et al,0,0.333333333,F,1,Yawning,V+A,Pet,Human,Familiar,Live,600
P105,MAD et al,0,0.333333333,M,1,Yawning,V+A,Pet,Human,Familiar,Live,600
P106,MAD et al,0,0.333333333,M,1,Yawning,V+A,Pet,Human,Familiar,Live,600
P107,MAD et al,0,0.333333333,F,1,Yawning,V+A,Pet,Human,Familiar,Live,600
P108,MAD et al,0,0.416666667,F,1,Yawning,V+A,Pet,Human,Familiar,Live,600
P109,MAD et al,2,0.416666667,M,1,Yawning,V+A,Pet,Human,Familiar,Live,600
P110,MAD et al,2,0.416666667,F,3,Yawning,V+A,Pet,Human,Familiar,Live,600
P111,MAD et al,0,0.416666667,M,3,Yawning,V+A,Pet,Human,Familiar,Live,600
P112,MAD et al,3,0.416666667,M,3,Yawning,V+A,Pet,Human,Familiar,Live,600
P113,MAD et al,4,0.416666667,M,3,Yawning,V+A,Pet,Human,Familiar,Live,600
P114,MAD et al,0,0.5,M,3,Yawning,V+A,Pet,Human,Familiar,Live,600
P115,MAD et al,0,0.5,M,3,Yawning,V+A,Pet,Human,Familiar,Live,600
P116,MAD et al,0,0.5,F,3,Yawning,V+A,Pet,Human,Familiar,Live,600
P117,MAD et al,0,0.583333333,F,3,Yawning,V+A,Pet,Human,Familiar,Live,600
P118,MAD et al,2,0.583333333,M,3,Yawning,V+A,Pet,Human,Familiar,Live,600
P119,MAD et al,2,0.583333333,F,2,Yawning,V+A,Pet,Human,Familiar,Live,600
P120,MAD et al,2,0.583333333,F,2,Yawning,V+A,Pet,Human,Familiar,Live,600
P121,MAD et al,3,0.583333333,M,2,Yawning,V+A,Pet,Human,Familiar,Live,600
P122,MAD et al,2,0.666666667,M,2,Yawning,V+A,Pet,Human,Familiar,Live,600
P123,MAD et al,2,0.666666667,M,2,Yawning,V+A,Pet,Human,Familiar,Live,600
P124,MAD et al,3,0.666666667,F,2,Yawning,V+A,Pet,Human,Familiar,Live,600
P125,MAD et al,1,0.666666667,F,2,Yawning,V+A,Pet,Human,Familiar,Live,600
P126,MAD et al,0,0.666666667,M,2,Yawning,V+A,Pet,Human,Familiar,Live,600
P127,MAD et al,2,0.666666667,M,2,Yawning,V+A,Pet,Human,Familiar,Live,600
P128,MAD et al,5,0.666666667,M,4,Yawning,V+A,Pet,Human,Familiar,Live,600
P129,MAD et al,0,0.75,M,4,Yawning,V+A,Pet,Human,Familiar,Live,600
P130,MAD et al,1,0.75,F,4,Yawning,V+A,Pet,Human,Familiar,Live,600
P131,MAD et al,1,0.75,M,4,Yawning,V+A,Pet,Human,Familiar,Live,600
P132,MAD et al,1,0.75,M,4,Yawning,V+A,Pet,Human,Familiar,Live,600
P133,MAD et al,1,0.833333333,F,4,Yawning,V+A,Pet,Human,Familiar,Live,600
P134,MAD et al,1,0.833333333,M,4,Yawning,V+A,Pet,Human,Familiar,Live,600
P135,MAD et al,0,0.916666667,M,4,Yawning,V+A,Pet,Human,Familiar,Live,600
P136,MAD et al,0,0.916666667,M,4,Yawning,V+A,Pet,Human,Familiar,Live,600
P137,MAD et al,6,1.166666667,F,4,Yawning,V+A,Pet,Human,Familiar,Live,600
P103,MAD et al,2,0.333333333,M,2,Control,V+A,Pet,Human,Familiar,Live,600
P104,MAD et al,0,0.333333333,F,2,Control,V+A,Pet,Human,Familiar,Live,600
P105,MAD et al,0,0.333333333,M,2,Control,V+A,Pet,Human,Familiar,Live,600
P106,MAD et al,0,0.333333333,M,2,Control,V+A,Pet,Human,Familiar,Live,600
P107,MAD et al,0,0.333333333,F,2,Control,V+A,Pet,Human,Familiar,Live,600
P108,MAD et al,0,0.416666667,F,2,Control,V+A,Pet,Human,Familiar,Live,600
P109,MAD et al,0,0.416666667,M,2,Control,V+A,Pet,Human,Familiar,Live,600
P110,MAD et al,0,0.416666667,F,4,Control,V+A,Pet,Human,Familiar,Live,600
P111,MAD et al,2,0.416666667,M,4,Control,V+A,Pet,Human,Familiar,Live,600
P112,MAD et al,1,0.416666667,M,4,Control,V+A,Pet,Human,Familiar,Live,600
P113,MAD et al,0,0.416666667,M,4,Control,V+A,Pet,Human,Familiar,Live,600
P114,MAD et al,0,0.5,M,4,Control,V+A,Pet,Human,Familiar,Live,600
P115,MAD et al,0,0.5,M,4,Control,V+A,Pet,Human,Familiar,Live,600
P116,MAD et al,0,0.5,F,4,Control,V+A,Pet,Human,Familiar,Live,600
P117,MAD et al,2,0.583333333,F,4,Control,V+A,Pet,Human,Familiar,Live,600
P118,MAD et al,1,0.583333333,M,4,Control,V+A,Pet,Human,Familiar,Live,600
P119,MAD et al,1,0.583333333,F,1,Control,V+A,Pet,Human,Familiar,Live,600
P120,MAD et al,0,0.583333333,F,1,Control,V+A,Pet,Human,Familiar,Live,600
P121,MAD et al,1,0.583333333,M,1,Control,V+A,Pet,Human,Familiar,Live,600
P122,MAD et al,3,0.666666667,M,1,Control,V+A,Pet,Human,Familiar,Live,600
P123,MAD et al,1,0.666666667,M,1,Control,V+A,Pet,Human,Familiar,Live,600
P124,MAD et al,0,0.666666667,F,1,Control,V+A,Pet,Human,Familiar,Live,600
P125,MAD et al,0,0.666666667,F,1,Control,V+A,Pet,Human,Familiar,Live,600
P126,MAD et al,0,0.666666667,M,1,Control,V+A,Pet,Human,Familiar,Live,600
P127,MAD et al,0,0.666666667,M,1,Control,V+A,Pet,Human,Familiar,Live,600
P128,MAD et al,6,0.666666667,M,3,Control,V+A,Pet,Human,Familiar,Live,600
P129,MAD et al,0,0.75,M,3,Control,V+A,Pet,Human,Familiar,Live,600
P130,MAD et al,0,0.75,F,3,Control,V+A,Pet,Human,Familiar,Live,600
P131,MAD et al,0,0.75,M,3,Control,V+A,Pet,Human,Familiar,Live,600
P132,MAD et al,2,0.75,M,3,Control,V+A,Pet,Human,Familiar,Live,600
P133,MAD et al,0,0.833333333,F,3,Control,V+A,Pet,Human,Familiar,Live,600
P134,MAD et al,0,0.833333333,M,3,Control,V+A,Pet,Human,Familiar,Live,600
P135,MAD et al,2,0.916666667,M,3,Control,V+A,Pet,Human,Familiar,Live,600
P136,MAD et al,0,0.916666667,M,3,Control,V+A,Pet,Human,Familiar,Live,600
P137,MAD et al,3,1.166666667,F,3,Control,V+A,Pet,Human,Familiar,Live,600
P103,MAD et al,0,0.333333333,M,3,Yawning,V+A,Pet,Human,Unfamiliar,Live,600
P104,MAD et al,0,0.333333333,F,3,Yawning,V+A,Pet,Human,Unfamiliar,Live,600
P105,MAD et al,0,0.333333333,M,3,Yawning,V+A,Pet,Human,Unfamiliar,Live,600
P106,MAD et al,0,0.333333333,M,3,Yawning,V+A,Pet,Human,Unfamiliar,Live,600
P107,MAD et al,2,0.333333333,F,3,Yawning,V+A,Pet,Human,Unfamiliar,Live,600
P108,MAD et al,0,0.416666667,F,3,Yawning,V+A,Pet,Human,Unfamiliar,Live,600
P109,MAD et al,1,0.416666667,M,3,Yawning,V+A,Pet,Human,Unfamiliar,Live,600
P110,MAD et al,1,0.416666667,F,1,Yawning,V+A,Pet,Human,Unfamiliar,Live,600
P111,MAD et al,3,0.416666667,M,1,Yawning,V+A,Pet,Human,Unfamiliar,Live,600
P112,MAD et al,2,0.416666667,M,1,Yawning,V+A,Pet,Human,Unfamiliar,Live,600
P113,MAD et al,3,0.416666667,M,1,Yawning,V+A,Pet,Human,Unfamiliar,Live,600
P114,MAD et al,0,0.5,M,1,Yawning,V+A,Pet,Human,Unfamiliar,Live,600
P115,MAD et al,1,0.5,M,1,Yawning,V+A,Pet,Human,Unfamiliar,Live,600
P116,MAD et al,1,0.5,F,1,Yawning,V+A,Pet,Human,Unfamiliar,Live,600
P117,MAD et al,0,0.583333333,F,1,Yawning,V+A,Pet,Human,Unfamiliar,Live,600
P118,MAD et al,1,0.583333333,M,1,Yawning,V+A,Pet,Human,Unfamiliar,Live,600
P119,MAD et al,1,0.583333333,F,4,Yawning,V+A,Pet,Human,Unfamiliar,Live,600
P120,MAD et al,2,0.583333333,F,4,Yawning,V+A,Pet,Human,Unfamiliar,Live,600
P121,MAD et al,1,0.583333333,M,4,Yawning,V+A,Pet,Human,Unfamiliar,Live,600
P122,MAD et al,0,0.666666667,M,4,Yawning,V+A,Pet,Human,Unfamiliar,Live,600
P123,MAD et al,1,0.666666667,M,4,Yawning,V+A,Pet,Human,Unfamiliar,Live,600
P124,MAD et al,0,0.666666667,F,4,Yawning,V+A,Pet,Human,Unfamiliar,Live,600
P125,MAD et al,2,0.666666667,F,4,Yawning,V+A,Pet,Human,Unfamiliar,Live,600
P126,MAD et al,4,0.666666667,M,4,Yawning,V+A,Pet,Human,Unfamiliar,Live,600
P127,MAD et al,2,0.666666667,M,4,Yawning,V+A,Pet,Human,Unfamiliar,Live,600
P128,MAD et al,0,0.666666667,M,2,Yawning,V+A,Pet,Human,Unfamiliar,Live,600
P129,MAD et al,3,0.75,M,2,Yawning,V+A,Pet,Human,Unfamiliar,Live,600
P130,MAD et al,2,0.75,F,2,Yawning,V+A,Pet,Human,Unfamiliar,Live,600
P131,MAD et al,2,0.75,M,2,Yawning,V+A,Pet,Human,Unfamiliar,Live,600
P132,MAD et al,4,0.75,M,2,Yawning,V+A,Pet,Human,Unfamiliar,Live,600
P133,MAD et al,0,0.833333333,F,2,Yawning,V+A,Pet,Human,Unfamiliar,Live,600
P134,MAD et al,1,0.833333333,M,2,Yawning,V+A,Pet,Human,Unfamiliar,Live,600
P135,MAD et al,2,0.916666667,M,2,Yawning,V+A,Pet,Human,Unfamiliar,Live,600
P136,MAD et al,3,0.916666667,M,2,Yawning,V+A,Pet,Human,Unfamiliar,Live,600
P137,MAD et al,2,1.166666667,F,2,Yawning,V+A,Pet,Human,Unfamiliar,Live,600
P103,MAD et al,0,0.333333333,M,4,Control,V+A,Pet,Human,Unfamiliar,Live,600
P104,MAD et al,0,0.333333333,F,4,Control,V+A,Pet,Human,Unfamiliar,Live,600
P105,MAD et al,0,0.333333333,M,4,Control,V+A,Pet,Human,Unfamiliar,Live,600
P106,MAD et al,0,0.333333333,M,4,Control,V+A,Pet,Human,Unfamiliar,Live,600
P107,MAD et al,2,0.333333333,F,4,Control,V+A,Pet,Human,Unfamiliar,Live,600
P108,MAD et al,0,0.416666667,F,4,Control,V+A,Pet,Human,Unfamiliar,Live,600
P109,MAD et al,0,0.416666667,M,4,Control,V+A,Pet,Human,Unfamiliar,Live,600
P110,MAD et al,1,0.416666667,F,2,Control,V+A,Pet,Human,Unfamiliar,Live,600
P111,MAD et al,1,0.416666667,M,2,Control,V+A,Pet,Human,Unfamiliar,Live,600
P112,MAD et al,0,0.416666667,M,2,Control,V+A,Pet,Human,Unfamiliar,Live,600
P113,MAD et al,3,0.416666667,M,2,Control,V+A,Pet,Human,Unfamiliar,Live,600
P114,MAD et al,2,0.5,M,2,Control,V+A,Pet,Human,Unfamiliar,Live,600
P115,MAD et al,0,0.5,M,2,Control,V+A,Pet,Human,Unfamiliar,Live,600
P116,MAD et al,0,0.5,F,2,Control,V+A,Pet,Human,Unfamiliar,Live,600
P117,MAD et al,0,0.583333333,F,2,Control,V+A,Pet,Human,Unfamiliar,Live,600
P118,MAD et al,2,0.583333333,M,2,Control,V+A,Pet,Human,Unfamiliar,Live,600
P119,MAD et al,1,0.583333333,F,3,Control,V+A,Pet,Human,Unfamiliar,Live,600
P120,MAD et al,1,0.583333333,F,3,Control,V+A,Pet,Human,Unfamiliar,Live,600
P121,MAD et al,0,0.583333333,M,3,Control,V+A,Pet,Human,Unfamiliar,Live,600
P122,MAD et al,0,0.666666667,M,3,Control,V+A,Pet,Human,Unfamiliar,Live,600
P123,MAD et al,1,0.666666667,M,3,Control,V+A,Pet,Human,Unfamiliar,Live,600
P124,MAD et al,0,0.666666667,F,3,Control,V+A,Pet,Human,Unfamiliar,Live,600
P125,MAD et al,0,0.666666667,F,3,Control,V+A,Pet,Human,Unfamiliar,Live,600
P126,MAD et al,0,0.666666667,M,3,Control,V+A,Pet,Human,Unfamiliar,Live,600
P127,MAD et al,1,0.666666667,M,3,Control,V+A,Pet,Human,Unfamiliar,Live,600
P128,MAD et al,0,0.666666667,M,1,Control,V+A,Pet,Human,Unfamiliar,Live,600
P129,MAD et al,0,0.75,M,1,Control,V+A,Pet,Human,Unfamiliar,Live,600
P130,MAD et al,1,0.75,F,1,Control,V+A,Pet,Human,Unfamiliar,Live,600
P131,MAD et al,1,0.75,M,1,Control,V+A,Pet,Human,Unfamiliar,Live,600
P132,MAD et al,1,0.75,M,1,Control,V+A,Pet,Human,Unfamiliar,Live,600
P133,MAD et al,0,0.833333333,F,1,Control,V+A,Pet,Human,Unfamiliar,Live,600
P134,MAD et al,0,0.833333333,M,1,Control,V+A,Pet,Human,Unfamiliar,Live,600
P135,MAD et al,1,0.916666667,M,1,Control,V+A,Pet,Human,Unfamiliar,Live,600
P136,MAD et al,1,0.916666667,M,1,Control,V+A,Pet,Human,Unfamiliar,Live,600
P137,MAD et al,1,1.166666667,F,1,Control,V+A,Pet,Human,Unfamiliar,Live,600
P183,BT et al,3,0.67,M,,Yawning,V+A,Shelter,Human,Unfamiliar,Live,600
P184,BT et al,1,1,M,,Yawning,V+A,Shelter,Human,Unfamiliar,Live,600
P185,BT et al,0,3,F,,Yawning,V+A,Shelter,Human,Unfamiliar,Live,600
P186,BT et al,2,2,F,,Yawning,V+A,Shelter,Human,Unfamiliar,Live,600
P187,BT et al,0,0.67,M,,Yawning,V+A,Shelter,Human,Unfamiliar,Live,600
P188,BT et al,1,1,M,,Yawning,V+A,Shelter,Human,Unfamiliar,Live,600
P189,BT et al,0,2,F,,Yawning,V+A,Shelter,Human,Unfamiliar,Live,600
P190,BT et al,3,1,F,,Yawning,V+A,Shelter,Human,Unfamiliar,Live,600
P191,BT et al,0,1,M,,Yawning,V+A,Shelter,Human,Unfamiliar,Live,600
P192,BT et al,0,1,F,,Yawning,V+A,Shelter,Human,Unfamiliar,Live,600
P193,BT et al,1,3,F,,Yawning,V+A,Shelter,Human,Unfamiliar,Live,600
P194,BT et al,2,1,M,,Yawning,V+A,Shelter,Human,Unfamiliar,Live,600
P195,BT et al,4,1,F,,Yawning,V+A,Shelter,Human,Unfamiliar,Live,600
P196,BT et al,4,0.5,F,,Yawning,V+A,Shelter,Human,Unfamiliar,Live,600
P197,BT et al,0,0.83,M,,Yawning,V+A,Shelter,Human,Unfamiliar,Live,600
P198,BT et al,1,5,M,,Yawning,V+A,Shelter,Human,Unfamiliar,Live,600
P199,BT et al,1,1,M,,Yawning,V+A,Shelter,Human,Unfamiliar,Live,600
P200,BT et al,3,3,F,,Yawning,V+A,Shelter,Human,Unfamiliar,Live,600
P201,BT et al,1,2,M,,Yawning,V+A,Shelter,Human,Unfamiliar,Live,600
P202,BT et al,1,2,F,,Yawning,V+A,Shelter,Human,Unfamiliar,Live,600
P203,BT et al,1,2,F,,Yawning,V+A,Shelter,Human,Unfamiliar,Live,600
P204,BT et al,0,3,F,,Yawning,V+A,Shelter,Human,Unfamiliar,Live,600
P205,BT et al,1,1.5,F,,Yawning,V+A,Shelter,Human,Unfamiliar,Live,600
P206,BT et al,3,2,F,,Yawning,V+A,Shelter,Human,Unfamiliar,Live,600
P207,BT et al,1,0.83,M,,Yawning,V+A,Shelter,Human,Unfamiliar,Live,600
P208,BT et al,0,6,M,,Yawning,V+A,Shelter,Human,Unfamiliar,Live,600
P209,BT et al,1,1,M,,Yawning,V+A,Shelter,Human,Unfamiliar,Live,600
P210,BT et al,0,0.75,M,,Yawning,V+A,Shelter,Human,Unfamiliar,Live,600
P211,BT et al,0,1,M,,Yawning,V+A,Shelter,Human,Unfamiliar,Live,600
P212,BT et al,2,4,M,,Yawning,V+A,Shelter,Human,Unfamiliar,Live,600
P213,BT et al,2,0.58,F,,Yawning,V+A,Shelter,Human,Unfamiliar,Live,600
P214,BT et al,1,1,F,,Yawning,V+A,Shelter,Human,Unfamiliar,Live,600
P215,BT et al,0,1,M,,Yawning,V+A,Shelter,Human,Unfamiliar,Live,600
P216,BT et al,0,2,M,,Yawning,V+A,Shelter,Human,Unfamiliar,Live,600
P217,BT et al,1,1.17,F,,Yawning,V+A,Shelter,Human,Unfamiliar,Live,600
P218,BT et al,0,4,M,,Yawning,V+A,Shelter,Human,Unfamiliar,Live,600
P219,BT et al,1,1,F,,Yawning,V+A,Shelter,Human,Unfamiliar,Live,600
P220,BT et al,1,1.42,M,,Yawning,V+A,Shelter,Human,Unfamiliar,Live,600
P221,BT et al,0,3,M,,Yawning,V+A,Shelter,Human,Unfamiliar,Live,600
P222,BT et al,0,6,F,,Yawning,V+A,Shelter,Human,Unfamiliar,Live,600
P223,BT et al,3,2,M,,Yawning,V+A,Shelter,Human,Unfamiliar,Live,600
P224,BT et al,0,3,F,,Yawning,V+A,Shelter,Human,Unfamiliar,Live,600
P225,BT et al,0,0.83,F,,Yawning,V+A,Shelter,Human,Unfamiliar,Live,600
P226,BT et al,1,6,F,,Yawning,V+A,Shelter,Human,Unfamiliar,Live,600
P227,BT et al,0,2,M,,Yawning,V+A,Shelter,Human,Unfamiliar,Live,600
P228,BT et al,1,4,F,,Yawning,V+A,Shelter,Human,Unfamiliar,Live,600
P229,BT et al,0,6,F,,Yawning,V+A,Shelter,Human,Unfamiliar,Live,600
P230,BT et al,1,4,F,,Yawning,V+A,Shelter,Human,Unfamiliar,Live,600
P231,BT et al,0,0.75,M,,Yawning,V+A,Shelter,Human,Unfamiliar,Live,600
P232,BT et al,0,5,F,,Yawning,V+A,Shelter,Human,Unfamiliar,Live,600
P233,BT et al,1,1,F,,Yawning,V+A,Shelter,Human,Unfamiliar,Live,600
P234,BT et al,0,1,F,,Yawning,V+A,Shelter,Human,Unfamiliar,Live,600
P235,BT et al,0,1.67,M,,Yawning,V+A,Shelter,Human,Unfamiliar,Live,600
P236,BT et al,0,1.83,F,,Yawning,V+A,Shelter,Human,Unfamiliar,Live,600
P237,BT et al,0,1,M,,Yawning,V+A,Shelter,Human,Unfamiliar,Live,600
P238,BT et al,1,1,M,,Yawning,V+A,Shelter,Human,Unfamiliar,Live,600
P239,BT et al,2,2,M,,Yawning,V+A,Shelter,Human,Unfamiliar,Live,600
P240,BT et al,1,5,M,,Yawning,V+A,Shelter,Human,Unfamiliar,Live,600
P241,BT et al,4,0.83,F,,Yawning,V+A,Shelter,Human,Unfamiliar,Live,600
P242,BT et al,0,1,M,,Yawning,V+A,Shelter,Human,Unfamiliar,Live,600
P183,BT et al,2,0.67,M,,Control,V+A,Shelter,Human,Unfamiliar,Live,600
P184,BT et al,0,1,M,,Control,V+A,Shelter,Human,Unfamiliar,Live,600
P185,BT et al,0,3,F,,Control,V+A,Shelter,Human,Unfamiliar,Live,600
P186,BT et al,4,2,F,,Control,V+A,Shelter,Human,Unfamiliar,Live,600
P187,BT et al,0,0.67,M,,Control,V+A,Shelter,Human,Unfamiliar,Live,600
P188,BT et al,0,1,M,,Control,V+A,Shelter,Human,Unfamiliar,Live,600
P189,BT et al,0,2,F,,Control,V+A,Shelter,Human,Unfamiliar,Live,600
P190,BT et al,1,1,F,,Control,V+A,Shelter,Human,Unfamiliar,Live,600
P191,BT et al,0,1,M,,Control,V+A,Shelter,Human,Unfamiliar,Live,600
P192,BT et al,7,1,F,,Control,V+A,Shelter,Human,Unfamiliar,Live,600
P193,BT et al,1,3,F,,Control,V+A,Shelter,Human,Unfamiliar,Live,600
P194,BT et al,3,1,M,,Control,V+A,Shelter,Human,Unfamiliar,Live,600
P195,BT et al,2,1,F,,Control,V+A,Shelter,Human,Unfamiliar,Live,600
P196,BT et al,0,0.5,F,,Control,V+A,Shelter,Human,Unfamiliar,Live,600
P197,BT et al,0,0.83,M,,Control,V+A,Shelter,Human,Unfamiliar,Live,600
P198,BT et al,0,5,M,,Control,V+A,Shelter,Human,Unfamiliar,Live,600
P199,BT et al,4,1,M,,Control,V+A,Shelter,Human,Unfamiliar,Live,600
P200,BT et al,4,3,F,,Control,V+A,Shelter,Human,Unfamiliar,Live,600
P201,BT et al,1,2,M,,Control,V+A,Shelter,Human,Unfamiliar,Live,600
P202,BT et al,0,2,F,,Control,V+A,Shelter,Human,Unfamiliar,Live,600
P203,BT et al,1,2,F,,Control,V+A,Shelter,Human,Unfamiliar,Live,600
P204,BT et al,0,3,F,,Control,V+A,Shelter,Human,Unfamiliar,Live,600
P205,BT et al,1,1.5,F,,Control,V+A,Shelter,Human,Unfamiliar,Live,600
P206,BT et al,2,2,F,,Control,V+A,Shelter,Human,Unfamiliar,Live,600
P207,BT et al,1,0.83,M,,Control,V+A,Shelter,Human,Unfamiliar,Live,600
P208,BT et al,0,6,M,,Control,V+A,Shelter,Human,Unfamiliar,Live,600
P209,BT et al,1,1,M,,Control,V+A,Shelter,Human,Unfamiliar,Live,600
P210,BT et al,0,0.75,M,,Control,V+A,Shelter,Human,Unfamiliar,Live,600
P211,BT et al,0,1,M,,Control,V+A,Shelter,Human,Unfamiliar,Live,600
P212,BT et al,1,4,M,,Control,V+A,Shelter,Human,Unfamiliar,Live,600
P213,BT et al,0,0.58,F,,Control,V+A,Shelter,Human,Unfamiliar,Live,600
P214,BT et al,4,1,F,,Control,V+A,Shelter,Human,Unfamiliar,Live,600
P215,BT et al,1,1,M,,Control,V+A,Shelter,Human,Unfamiliar,Live,600
P216,BT et al,0,2,M,,Control,V+A,Shelter,Human,Unfamiliar,Live,600
P217,BT et al,3,1.17,F,,Control,V+A,Shelter,Human,Unfamiliar,Live,600
P218,BT et al,0,4,M,,Control,V+A,Shelter,Human,Unfamiliar,Live,600
P219,BT et al,0,1,F,,Control,V+A,Shelter,Human,Unfamiliar,Live,600
P220,BT et al,1,1.42,M,,Control,V+A,Shelter,Human,Unfamiliar,Live,600
P221,BT et al,0,3,M,,Control,V+A,Shelter,Human,Unfamiliar,Live,600
P222,BT et al,2,6,F,,Control,V+A,Shelter,Human,Unfamiliar,Live,600
P223,BT et al,1,2,M,,Control,V+A,Shelter,Human,Unfamiliar,Live,600
P224,BT et al,0,3,F,,Control,V+A,Shelter,Human,Unfamiliar,Live,600
P225,BT et al,0,0.83,F,,Control,V+A,Shelter,Human,Unfamiliar,Live,600
P226,BT et al,1,6,F,,Control,V+A,Shelter,Human,Unfamiliar,Live,600
P227,BT et al,0,2,M,,Control,V+A,Shelter,Human,Unfamiliar,Live,600
P228,BT et al,2,4,F,,Control,V+A,Shelter,Human,Unfamiliar,Live,600
P229,BT et al,0,6,F,,Control,V+A,Shelter,Human,Unfamiliar,Live,600
P230,BT et al,0,4,F,,Control,V+A,Shelter,Human,Unfamiliar,Live,600
P231,BT et al,0,0.75,M,,Control,V+A,Shelter,Human,Unfamiliar,Live,600
P232,BT et al,2,5,F,,Control,V+A,Shelter,Human,Unfamiliar,Live,600
P233,BT et al,3,1,F,,Control,V+A,Shelter,Human,Unfamiliar,Live,600
P234,BT et al,0,1,F,,Control,V+A,Shelter,Human,Unfamiliar,Live,600
P235,BT et al,1,1.67,M,,Control,V+A,Shelter,Human,Unfamiliar,Live,600
P236,BT et al,1,1.83,F,,Control,V+A,Shelter,Human,Unfamiliar,Live,600
P237,BT et al,2,1,M,,Control,V+A,Shelter,Human,Unfamiliar,Live,600
P238,BT et al,1,1,M,,Control,V+A,Shelter,Human,Unfamiliar,Live,600
P239,BT et al,0,2,M,,Control,V+A,Shelter,Human,Unfamiliar,Live,600
P240,BT et al,2,5,M,,Control,V+A,Shelter,Human,Unfamiliar,Live,600
P241,BT et al,0,0.83,F,,Control,V+A,Shelter,Human,Unfamiliar,Live,600
P242,BT et al,0,1,M,,Control,V+A,Shelter,Human,Unfamiliar,Live,600
